query_id,start_time,end_time,elapsed_ms,success,error_message
1,2026-08-16T17:05:26.054,2026-08-16T17:05:28.818,2763.29,True,
1,2026-08-16T17:15:38.834,2026-08-16T17:15:41.308,2474.24,True,
1,2026-08-16T17:25:50.955,2026-08-16T17:25:53.505,2550.17,True,
2,2026-08-16T17:05:26.055,2026-08-16T17:07:23.474,117418.15,True,
2,2026-08-16T17:15:38.834,2026-08-16T17:17:38.670,119836.23,True,
2,2026-08-16T17:25:50.955,2026-08-16T17:27:46.055,115099.48,True,
3,2026-08-16T17:05:28.819,2026-08-16T17:05:29.593,773.95,True,
3,2026-08-16T17:15:41.308,2026-08-16T17:15:41.998,689.56,True,
3,2026-08-16T17:25:53.505,2026-08-16T17:25:54.185,680.49,True,
4,2026-08-16T17:05:29.593,2026-08-16T17:05:30.693,1100.07,True,
4,2026-08-16T17:15:41.998,2026-08-16T17:15:42.996,998.65,True,
4,2026-08-16T17:25:54.186,2026-08-16T17:25:55.149,962.14,True,
5,2026-08-16T17:05:30.693,2026-08-16T17:05:31.373,680.41,True,
5,2026-08-16T17:15:42.996,2026-08-16T17:15:43.629,632.86,True,
5,2026-08-16T17:25:55.149,2026-08-16T17:25:55.527,378.50,True,
6,2026-08-16T17:05:31.373,2026-08-16T17:05:31.807,433.29,True,
6,2026-08-16T17:15:43.629,2026-08-16T17:15:44.067,438.14,True,
6,2026-08-16T17:25:55.527,2026-08-16T17:25:55.770,243.36,True,
7,2026-08-16T17:05:31.807,2026-08-16T17:05:32.497,690.32,True,
7,2026-08-16T17:15:44.067,2026-08-16T17:15:44.740,672.78,True,
7,2026-08-16T17:25:55.770,2026-08-16T17:25:56.124,353.97,True,
8,2026-08-16T17:05:32.497,2026-08-16T17:05:33.235,738.31,True,
8,2026-08-16T17:15:44.740,2026-08-16T17:15:45.428,687.85,True,
8,2026-08-16T17:25:56.124,2026-08-16T17:25:56.449,324.72,True,
9,2026-08-16T17:05:33.235,2026-08-16T17:05:34.755,1520.25,True,
9,2026-08-16T17:15:45.428,2026-08-16T17:15:46.947,1519.58,True,
9,2026-08-16T17:25:56.449,2026-08-16T17:25:57.143,693.66,True,
10,2026-08-16T17:05:34.757,2026-08-16T17:05:35.635,878.45,True,
10,2026-08-16T17:15:46.947,2026-08-16T17:15:47.848,900.93,True,
10,2026-08-16T17:25:57.143,2026-08-16T17:25:57.574,431.52,True,
11,2026-08-16T17:05:35.635,2026-08-16T17:05:35.834,198.32,True,
11,2026-08-16T17:15:47.848,2026-08-16T17:15:48.047,198.63,True,
11,2026-08-16T17:25:57.574,2026-08-16T17:25:57.659,84.60,True,
12,2026-08-16T17:05:35.835,2026-08-16T17:05:36.551,715.86,True,
12,2026-08-16T17:15:48.047,2026-08-16T17:15:48.774,726.98,True,
12,2026-08-16T17:25:57.659,2026-08-16T17:25:58.021,362.46,True,
13,2026-08-16T17:05:36.551,2026-08-16T17:05:37.306,755.03,True,
13,2026-08-16T17:15:48.774,2026-08-16T17:15:49.486,712.29,True,
13,2026-08-16T17:25:58.021,2026-08-16T17:25:58.393,371.43,True,
14,2026-08-16T17:05:37.306,2026-08-16T17:05:37.774,468.62,True,
14,2026-08-16T17:15:49.486,2026-08-16T17:15:49.938,452.25,True,
14,2026-08-16T17:25:58.393,2026-08-16T17:25:58.657,263.85,True,
15,2026-08-16T17:05:37.774,2026-08-16T17:05:38.299,525.00,True,
15,2026-08-16T17:15:49.938,2026-08-16T17:15:50.430,491.99,True,
15,2026-08-16T17:25:58.657,2026-08-16T17:25:58.931,274.65,True,
16,2026-08-16T17:05:38.299,2026-08-16T17:05:38.715,415.81,True,
16,2026-08-16T17:15:50.430,2026-08-16T17:15:50.839,408.67,True,
16,2026-08-16T17:25:58.931,2026-08-16T17:25:59.130,199.20,True,
17,2026-08-17T14:06:51,2026-08-17T14:54:08,2887899.71,True,
18,2026-08-16T17:07:23.474,2026-08-16T17:07:29.883,6409.50,True,
18,2026-08-16T17:17:38.670,2026-08-16T17:17:44.917,6247.38,True,
18,2026-08-16T17:27:46.055,2026-08-16T17:27:52.173,6118.32,True,
19,2026-08-16T17:07:29.883,2026-08-16T17:07:30.524,640.88,True,
19,2026-08-16T17:17:44.917,2026-08-16T17:17:45.539,621.25,True,
19,2026-08-16T17:27:52.173,2026-08-16T17:27:52.783,609.45,True,
20,2026-08-18T23:50:00.000,2026-08-18T23:52:09.549,129549.19,True,
21,2026-08-17T16:00:00.000,2026-08-17T16:43:14.048,2594048.56,True,
22,2026-08-16T17:12:30.546,2026-08-16T17:12:30.883,337.58,True,
22,2026-08-16T17:22:45.569,2026-08-16T17:22:45.922,352.41,True,
22,2026-08-16T17:32:52.802,2026-08-16T17:32:53.166,363.24,True,
